[
  {
    "id": "g650er-2017",
    "title": "Gulfstream G650ER",
    "make": "Gulfstream",
    "model": "G650ER",
    "year": 2017,
    "category": "Jet",
    "priceUSD": 48500000,
    "hours": 2700,
    "seats": 14,
    "rangeNM": 7500,
    "location": "West Palm Beach, FL, USA",
    "engines": 2,
    "avionics": "PlaneView II | CPDLC | FANS 1/A+ | ADS\u2011B Out",
    "maint": "CAMP | RRCC | NDH",
    "img": "https://images.unsplash.com/photo-1613977257363-707ba9348227"
  },
  {
    "id": "global6000-2016",
    "title": "Bombardier Global 6000",
    "make": "Bombardier",
    "model": "Global 6000",
    "year": 2016,
    "category": "Jet",
    "priceUSD": 26800000,
    "hours": 3600,
    "seats": 13,
    "rangeNM": 6000,
    "location": "Teterboro, NJ, USA",
    "engines": 2,
    "avionics": "Vision Flight Deck | Ka\u2011band Wi\u2011Fi | CPDLC",
    "maint": "CAMP | Smart Parts | NDH",
    "img": "https://images.unsplash.com/photo-1502877338535-766e1452684a"
  },
  {
    "id": "falcon2000lxs-2015",
    "title": "Dassault Falcon 2000LXS",
    "make": "Dassault",
    "model": "Falcon 2000LXS",
    "year": 2015,
    "category": "Jet",
    "priceUSD": 18500000,
    "hours": 4200,
    "seats": 10,
    "rangeNM": 4000,
    "location": "White Plains, NY, USA",
    "engines": 2,
    "avionics": "EASy II | HUD/EVS | FANS | WAAS/LPV",
    "maint": "CAMP | MSP | NDH",
    "img": "https://images.unsplash.com/photo-1511735643442-503bb3bd3487"
  },
  {
    "id": "challenger350-2019",
    "title": "Challenger 350",
    "make": "Bombardier",
    "model": "Challenger 350",
    "year": 2019,
    "category": "Jet",
    "priceUSD": 18800000,
    "hours": 1900,
    "seats": 9,
    "rangeNM": 3200,
    "location": "Dallas, TX, USA",
    "engines": 2,
    "avionics": "Pro Line 21 Advanced | Ka\u2011band | SVS",
    "maint": "CAMP | Smart Parts | NDH",
    "img": "https://images.unsplash.com/photo-1520607162513-77705c0f0d4a"
  },
  {
    "id": "phenom300e-2021",
    "title": "Embraer Phenom 300E",
    "make": "Embraer",
    "model": "Phenom 300E",
    "year": 2021,
    "category": "Jet",
    "priceUSD": 10950000,
    "hours": 650,
    "seats": 7,
    "rangeNM": 2000,
    "location": "Scottsdale, AZ, USA",
    "engines": 2,
    "avionics": "Prodigy Touch | Gogo Avance L5 | ADS\u2011B Out",
    "maint": "ESP Gold | CAMP | NDH",
    "img": "https://images.unsplash.com/photo-1622279457486-62dccb678219"
  },
  {
    "id": "citationxls-2014",
    "title": "Cessna Citation XLS+",
    "make": "Cessna",
    "model": "Citation XLS+",
    "year": 2014,
    "category": "Jet",
    "priceUSD": 7800000,
    "hours": 3800,
    "seats": 8,
    "rangeNM": 2100,
    "location": "Naples, FL, USA",
    "engines": 2,
    "avionics": "Pro Line 21 | WAAS/LPV | ADS\u2011B",
    "maint": "TAP Blue | CAMP | NDH",
    "img": "https://images.unsplash.com/photo-1485955900006-10f4d324d411"
  },
  {
    "id": "pc12ngx-2022",
    "title": "Pilatus PC\u201112 NGX",
    "make": "Pilatus",
    "model": "PC\u201112 NGX",
    "year": 2022,
    "category": "Turboprop",
    "priceUSD": 6300000,
    "hours": 300,
    "seats": 9,
    "rangeNM": 1800,
    "location": "Broomfield, CO, USA",
    "engines": 1,
    "avionics": "Honeywell Apex | SVT | Gogo L3",
    "maint": "CAMP | NDH",
    "img": "https://images.unsplash.com/photo-1695223292293-3c60a7c000a8"
  },
  {
    "id": "kingair260-2023",
    "title": "Beechcraft King Air 260",
    "make": "Beechcraft",
    "model": "King Air 260",
    "year": 2023,
    "category": "Turboprop",
    "priceUSD": 8200000,
    "hours": 220,
    "seats": 9,
    "rangeNM": 1720,
    "location": "Wichita, KS, USA",
    "engines": 2,
    "avionics": "Collins Pro Line Fusion | SVS | ADS\u2011B Out",
    "maint": "CAMP | NDH",
    "img": "https://images.unsplash.com/photo-1506277886164-e25aa3f4ef7f"
  }
]
